country,relative_quality
"Korea, North",0.2222222222222222
Saudi Arabia,0.1282051282051282
Romania,0.12244897959183673
Central African Republic,0.12121212121212122
Uzbekistan,0.10714285714285714
Mauritania,0.10416666666666667
Guatemala,0.08433734939759036
Dominica,0.08333333333333333
Syria,0.078125
Benin,0.07692307692307693
