region,relative_quality
NORTHERN AMERICA,0.05445026178010471
ASIA,0.0270293388076298
EUROPE,0.022185598377281946
OCEANIA,0.020147105852254557
AFRICA,0.017387492694330802
LATIN AMERICA AND THE CARIBBEAN,0.014413047600986157
